37i9dQZF1DXcBWIGoYBM5M,0V3wPSX9ygBnCm8psDIegu,06HL4z0CvFAxyc27GXpf02,2022-10-23
37i9dQZF1DXcBWIGoYBM5M,0WtM2NBVQNNJLh6scP13H8,46pWGuE3dSwY3bMMXGBvVS,2022-10-23
37i9dQZF1DXcBWIGoYBM5M,0WtM2NBVQNNJLh6scP13H8,0C8ZW7ezQVs4URX5aX7Kqx,2022-10-23
37i9dQZF1DXcBWIGoYBM5M,3nqQXoyQOWXiESFLlDF1hG,2wY79sveU1sp5g7SokKOiI,2022-10-23
37i9dQZF1DXcBWIGoYBM5M,3nqQXoyQOWXiESFLlDF1hG,3Xt3RrJMFv5SZkCfUE8C1J,2022-10-23
37i9dQZF1DXcBWIGoYBM5M,4uUG5RXrOk84mYEfFvj3cK,1Cs0zKBU1kc0i8ypK3B9ai,2022-10-23
37i9dQZF1DXcBWIGoYBM5M,4uUG5RXrOk84mYEfFvj3cK,64M6ah0SkkRsnPGtGiRAbb,2022-10-23
37i9dQZF1DXcBWIGoYBM5M,4LRPiXqCikLlN15c3yImP7,6KImCVD70vtIoJWnq6nGn3,2022-10-23
37i9dQZF1DXcBWIGoYBM5M,1xzi1Jcr7mEi9K2RfzLOqS,6vWDO969PvNqNYHIOW5v0m,2022-10-23
37i9dQZF1DXcBWIGoYBM5M,38T0tPVZHcPZyhtOcCP7pF,7jVv8c5Fj3E9VhNjxT4snq,2022-10-23
37i9dQZF1DXcBWIGoYBM5M,4h9wh7iOZ0GGn8QVp4RAOB,5Pwc4xIPtQLFEnJriah9YJ,2022-10-23
37i9dQZF1DXcBWIGoYBM5M,5ww2BF9slyYgNOk37BlC4u,0tmwSHipWxN12fsoLcFU3B,2022-10-23
37i9dQZF1DXcBWIGoYBM5M,4C6Uex2ILwJi9sZXRdmqXp,0hCNtLu0JehylgoiP8L4Gh,2022-10-23
37i9dQZF1DXcBWIGoYBM5M,0O6u0VJ46W86TxN9wgyqDj,246dkjvS1zLTtiykXe5h60,2022-10-23
37i9dQZF1DXcBWIGoYBM5M,0O6u0VJ46W86TxN9wgyqDj,5cj0lLjcoR7YOSnhnX0Po5,2022-10-23
37i9dQZF1DXcBWIGoYBM5M,5jQI2r1RdgtuT8S3iG8zFC,06HL4z0CvFAxyc27GXpf02,2022-10-23
37i9dQZF1DXcBWIGoYBM5M,76OGwb5RA9h4FxQPT33ekc,46xBNx0j6cwY6sD9LgMTm1,2022-10-23
37i9dQZF1DXcBWIGoYBM5M,1qEmFfgcLObUfQm0j1W2CK,6KImCVD70vtIoJWnq6nGn3,2022-10-23
37i9dQZF1DXcBWIGoYBM5M,1IHWl5LamUGEuP4ozKQSXZ,4q3ewBCX7sLwd24euuV69X,2022-10-23
37i9dQZF1DXcBWIGoYBM5M,5IgjP7X4th6nMNDh4akUHb,7bXgB6jMjp9ATFy66eO08Z,2022-10-23
37i9dQZF1DXcBWIGoYBM5M,1PckUlxKqWQs3RlWXVBLw3,56oDRnqbIiwx4mymNEv7dS,2022-10-23
37i9dQZF1DXcBWIGoYBM5M,73vIOb4Q7YN6HeJTbscRx5,6TLwD7HPWuiOzvXEa3oCNe,2022-10-23
37i9dQZF1DXcBWIGoYBM5M,73vIOb4Q7YN6HeJTbscRx5,3t5xRXzsuZmMDkQzgOX35S,2022-10-23
37i9dQZF1DXcBWIGoYBM5M,0HqZX76SFLDz2aW8aiqi7G,53XhwfbYqKCa1cC15pYq2q,2022-10-23
37i9dQZF1DXcBWIGoYBM5M,72yP0DUlWPyH8P7IoxskwN,3PhoLpVuITZKcymswpck5b,2022-10-23
37i9dQZF1DXcBWIGoYBM5M,72yP0DUlWPyH8P7IoxskwN,26dSoYclwsYLMAKD3tpOr4,2022-10-23
37i9dQZF1DXcBWIGoYBM5M,6XO8RlYuJCiI0v3IA48FeJ,64KEffDW9EtZ1y2vBYgq8T,2022-10-23
37i9dQZF1DXcBWIGoYBM5M,6XO8RlYuJCiI0v3IA48FeJ,4MCBfE4596Uoi2O4DtmEMz,2022-10-23
37i9dQZF1DXcBWIGoYBM5M,0hquQWY3xvYqN4qtiquniF,5cj0lLjcoR7YOSnhnX0Po5,2022-10-23
37i9dQZF1DXcBWIGoYBM5M,5CM4UuQ9Gnd6K2YyKGPMoK,57vWImR43h4CaDao012Ofp,2022-10-23
37i9dQZF1DXcBWIGoYBM5M,2tTmW7RDtMQtBk7m2rYeSw,716NhGYqD1jl2wI1Qkgq36,2022-10-23
37i9dQZF1DXcBWIGoYBM5M,2tTmW7RDtMQtBk7m2rYeSw,52iwsT98xCoGgiGntTiR7K,2022-10-23
37i9dQZF1DXcBWIGoYBM5M,1Ame8XTX6QHY0l0ahqUhgv,0lAWpj5szCSwM4rUMHYmrr,2022-10-23
37i9dQZF1DXcBWIGoYBM5M,0mBP9X2gPCuapvpZ7TGDk3,6VuMaDnrHyPL1p4EHjYLi7,2022-10-23
37i9dQZF1DXcBWIGoYBM5M,0mBP9X2gPCuapvpZ7TGDk3,6HaGTQPmzraVmaVxvz6EUc,2022-10-23
37i9dQZF1DXcBWIGoYBM5M,0mBP9X2gPCuapvpZ7TGDk3,3Nrfpe0tUJi4K4DXYWgMUX,2022-10-23
37i9dQZF1DXcBWIGoYBM5M,5odlY52u43F5BjByhxg7wg,164Uj4eKjl6zTBKfJLFKKK,2022-10-23
37i9dQZF1DXcBWIGoYBM5M,5ildQOEKmJuWGl2vRkFdYc,7ltDVBr6mKbRvohxheJ9h1,2022-10-23
37i9dQZF1DXcBWIGoYBM5M,39JofJHEtg8I4fSyo7Imft,4XC335ouK6pXyq4QiIb8bP,2022-10-23
37i9dQZF1DXcBWIGoYBM5M,39JofJHEtg8I4fSyo7Imft,6uJ51uV5rYzu1MJkC4CceI,2022-10-23
37i9dQZF1DXcBWIGoYBM5M,2rmwqU7yzTvzkiaRV53DpT,56oDRnqbIiwx4mymNEv7dS,2022-10-23
37i9dQZF1DXcBWIGoYBM5M,1xK59OXxi2TAAAbmZK0kBL,5y8tKLUfMvliMe8IKamR32,2022-10-23
37i9dQZF1DXcBWIGoYBM5M,10xV5l9nhLvFpR8mqzs0bL,64KEffDW9EtZ1y2vBYgq8T,2022-10-23
37i9dQZF1DXcBWIGoYBM5M,10xV5l9nhLvFpR8mqzs0bL,6LuN9FCkKOj5PcnpouEgny,2022-10-23
37i9dQZF1DXcBWIGoYBM5M,3WMj8moIAXJhHsyLaqIIHI,40ZNYROS4zLfyyBSs2PGe2,2022-10-23
37i9dQZF1DXcBWIGoYBM5M,2TktkzfozZifbQhXjT6I33,5FxD8fkQZ6KcsSYupDVoSO,2022-10-23
37i9dQZF1DXcBWIGoYBM5M,5uSFGgIfHMT3osrAd9n9ym,4GNC7GD6oZMSxPGyXy4MNB,2022-10-23
37i9dQZF1DXcBWIGoYBM5M,5hnGrTBaEsdukpDF6aZg8a,3QSQFmccmX81fWCUSPTS7y,2022-10-23
37i9dQZF1DXcBWIGoYBM5M,0ARKW62l9uWIDYMZTUmJHF,41MozSoPIsD1dJM0CLPjZF,2022-10-23
37i9dQZF1DXcBWIGoYBM5M,4zrKN5Sv8JS5mqnbVcsul7,6eUKZXaKkcviH0Ku9w2n3V,2022-10-23
37i9dQZF1DXcBWIGoYBM5M,4h4QlmocP3IuwYEj2j14p8,7qmpXeNz2ojlMl2EEfkeLs,2022-10-23
37i9dQZF1DXcBWIGoYBM5M,4h4QlmocP3IuwYEj2j14p8,38PzLQE4GW8o7A18oGhi0x,2022-10-23
37i9dQZF1DXcBWIGoYBM5M,59nOXPmaKlBfGMDeOVGrIK,1RyvyyTE3xzB2ZywiAwp0i,2022-10-23
37i9dQZF1DXcBWIGoYBM5M,59nOXPmaKlBfGMDeOVGrIK,3TVXtAsR1Inumwj472S9r4,2022-10-23
37i9dQZF1DXcBWIGoYBM5M,59nOXPmaKlBfGMDeOVGrIK,687cZJR45JO7jhk1LHIbgq,2022-10-23
37i9dQZF1DXcBWIGoYBM5M,74loibzxXRL875X20kenvk,6icQOAFXDZKsumw3YXyusw,2022-10-23
37i9dQZF1DXcBWIGoYBM5M,5HCyWlXZPP0y6Gqq8TgA20,2tIP7SsRs7vjIcLrU85W8J,2022-10-23
37i9dQZF1DXcBWIGoYBM5M,5HCyWlXZPP0y6Gqq8TgA20,1uNFoZAHBGtllmzznpCI3s,2022-10-23
37i9dQZF1DXcBWIGoYBM5M,0T5iIrXA4p5GsubkhuBIKV,5XKFrudbV4IiuE5WuTPRmT,2022-10-23
37i9dQZF1DXcBWIGoYBM5M,6Uj1ctrBOjOas8xZXGqKk4,5cj0lLjcoR7YOSnhnX0Po5,2022-10-23
37i9dQZF1DXcBWIGoYBM5M,3LtpKP5abr2qqjunvjlX5i,5H4yInM5zmHqpKIoMNAx4r,2022-10-23
37i9dQZF1DXcBWIGoYBM5M,27ZZdyTSQWI7Cug2d2PkqV,2qAwMsiIjTzlmfAkXKvhVA,2022-10-23
37i9dQZF1DXcBWIGoYBM5M,6xGruZOHLs39ZbVccQTuPZ,3MZsBdqDrRTJihTHQrO6Dq,2022-10-23
37i9dQZF1DXcBWIGoYBM5M,2WigMwGJysIh9fRnSJvpjn,3WTrdbZU99dgTtt3ZkyamT,2022-10-23
37i9dQZF1DXcBWIGoYBM5M,0QBzMgT7NIeoCYy3sJCof1,4nDoRrQiYLoBzwC5BhVJzF,2022-10-23
37i9dQZF1DXcBWIGoYBM5M,0QBzMgT7NIeoCYy3sJCof1,6eUKZXaKkcviH0Ku9w2n3V,2022-10-23
37i9dQZF1DXcBWIGoYBM5M,59CfNbkERJ3NoTXDvoURjj,2W8yFh0Ga6Yf3jiayVxwkE,2022-10-23
37i9dQZEVXbMDoHDwVN2tF,0V3wPSX9ygBnCm8psDIegu,06HL4z0CvFAxyc27GXpf02,2022-10-23
37i9dQZEVXbMDoHDwVN2tF,5jQI2r1RdgtuT8S3iG8zFC,06HL4z0CvFAxyc27GXpf02,2022-10-23
37i9dQZEVXbMDoHDwVN2tF,1wtOxkiel43cVs0Yux5Q4h,06HL4z0CvFAxyc27GXpf02,2022-10-23
37i9dQZEVXbMDoHDwVN2tF,1wtOxkiel43cVs0Yux5Q4h,00FQb4jTyendYWaN8pK0wa,2022-10-23
37i9dQZEVXbMDoHDwVN2tF,3eX0NZfLtGzoLUxPNvRfqm,06HL4z0CvFAxyc27GXpf02,2022-10-23
37i9dQZEVXbMDoHDwVN2tF,4D7BCuvgdJlYvlX5WlN54t,06HL4z0CvFAxyc27GXpf02,2022-10-23
37i9dQZEVXbMDoHDwVN2tF,1DAHLigfUqSLrU3RLG1EKR,06HL4z0CvFAxyc27GXpf02,2022-10-23
37i9dQZEVXbMDoHDwVN2tF,1xwAWUI6Dj0WGC3KiUPN0O,06HL4z0CvFAxyc27GXpf02,2022-10-23
37i9dQZEVXbMDoHDwVN2tF,0heeNYlwOGuUSe7TgUD27B,06HL4z0CvFAxyc27GXpf02,2022-10-23
37i9dQZEVXbMDoHDwVN2tF,7KokYm8cMIXCsGVmUvKtqf,06HL4z0CvFAxyc27GXpf02,2022-10-23
37i9dQZEVXbMDoHDwVN2tF,3qoftcUZaUOncvIYjFSPdE,06HL4z0CvFAxyc27GXpf02,2022-10-23
37i9dQZEVXbMDoHDwVN2tF,0A1JLUlkZkp2EFrosoNQi0,06HL4z0CvFAxyc27GXpf02,2022-10-23
37i9dQZEVXbMDoHDwVN2tF,0wavGRldH0AWyu2zvTz8zb,06HL4z0CvFAxyc27GXpf02,2022-10-23
37i9dQZEVXbMDoHDwVN2tF,7zcJSflhqcSGICHUjgncnj,06HL4z0CvFAxyc27GXpf02,2022-10-23
37i9dQZEVXbMDoHDwVN2tF,3nqQXoyQOWXiESFLlDF1hG,2wY79sveU1sp5g7SokKOiI,2022-10-23
37i9dQZEVXbMDoHDwVN2tF,3nqQXoyQOWXiESFLlDF1hG,3Xt3RrJMFv5SZkCfUE8C1J,2022-10-23
37i9dQZEVXbMDoHDwVN2tF,4uUG5RXrOk84mYEfFvj3cK,1Cs0zKBU1kc0i8ypK3B9ai,2022-10-23
37i9dQZEVXbMDoHDwVN2tF,4uUG5RXrOk84mYEfFvj3cK,64M6ah0SkkRsnPGtGiRAbb,2022-10-23
37i9dQZEVXbMDoHDwVN2tF,5ww2BF9slyYgNOk37BlC4u,0tmwSHipWxN12fsoLcFU3B,2022-10-23
37i9dQZEVXbMDoHDwVN2tF,4Dvkj6JhhA12EX05fT7y2e,6KImCVD70vtIoJWnq6nGn3,2022-10-23
37i9dQZEVXbMDoHDwVN2tF,2tTmW7RDtMQtBk7m2rYeSw,716NhGYqD1jl2wI1Qkgq36,2022-10-23
37i9dQZEVXbMDoHDwVN2tF,2tTmW7RDtMQtBk7m2rYeSw,52iwsT98xCoGgiGntTiR7K,2022-10-23
37i9dQZEVXbMDoHDwVN2tF,5IgjP7X4th6nMNDh4akUHb,7bXgB6jMjp9ATFy66eO08Z,2022-10-23
37i9dQZEVXbMDoHDwVN2tF,6G12ZafqofSq7YtrMqUm76,0EmeFodog0BfCgMzAIvKQp,2022-10-23
37i9dQZEVXbMDoHDwVN2tF,6G12ZafqofSq7YtrMqUm76,1i8SpTcr7yvPOmcqrbnVXY,2022-10-23
37i9dQZEVXbMDoHDwVN2tF,4h9wh7iOZ0GGn8QVp4RAOB,5Pwc4xIPtQLFEnJriah9YJ,2022-10-23
37i9dQZEVXbMDoHDwVN2tF,3UMrglJeju5yWyYIW6o99b,06HL4z0CvFAxyc27GXpf02,2022-10-23
37i9dQZEVXbMDoHDwVN2tF,0BiqmkasE5FdrChwKfVp8X,06HL4z0CvFAxyc27GXpf02,2022-10-23
37i9dQZEVXbMDoHDwVN2tF,6Sq7ltF9Qa7SNFBsV5Cogx,4q3ewBCX7sLwd24euuV69X,2022-10-23
37i9dQZEVXbMDoHDwVN2tF,6Sq7ltF9Qa7SNFBsV5Cogx,37230BxxYs9ksS7OkZw3IU,2022-10-23
37i9dQZEVXbMDoHDwVN2tF,1IHWl5LamUGEuP4ozKQSXZ,4q3ewBCX7sLwd24euuV69X,2022-10-23
37i9dQZEVXbMDoHDwVN2tF,0aV5uARAknQgYhBaK944FP,06HL4z0CvFAxyc27GXpf02,2022-10-23
37i9dQZEVXbMDoHDwVN2tF,6J834IBcZJMH38ksrgAqwF,06HL4z0CvFAxyc27GXpf02,2022-10-23
37i9dQZEVXbMDoHDwVN2tF,4k6Uh1HXdhtusDW5y8Gbvy,57vWImR43h4CaDao012Ofp,2022-10-23
37i9dQZEVXbMDoHDwVN2tF,53tfEupEzQRtVFOeZvk7xq,7ltDVBr6mKbRvohxheJ9h1,2022-10-23
37i9dQZEVXbMDoHDwVN2tF,4356PL6jkERzJouVfQQkZo,06HL4z0CvFAxyc27GXpf02,2022-10-23
37i9dQZEVXbMDoHDwVN2tF,73vIOb4Q7YN6HeJTbscRx5,6TLwD7HPWuiOzvXEa3oCNe,2022-10-23
37i9dQZEVXbMDoHDwVN2tF,73vIOb4Q7YN6HeJTbscRx5,3t5xRXzsuZmMDkQzgOX35S,2022-10-23
37i9dQZEVXbMDoHDwVN2tF,1xzi1Jcr7mEi9K2RfzLOqS,6vWDO969PvNqNYHIOW5v0m,2022-10-23
37i9dQZEVXbMDoHDwVN2tF,5Eax0qFko2dh7Rl2lYs3bx,4q3ewBCX7sLwd24euuV69X,2022-10-23
37i9dQZEVXbMDoHDwVN2tF,6wAFvJPpTZVirBKGZ4EnMW,06HL4z0CvFAxyc27GXpf02,2022-10-23
37i9dQZEVXbMDoHDwVN2tF,6zJejIfVYLgjud3lTk4DLB,46xBNx0j6cwY6sD9LgMTm1,2022-10-23
37i9dQZEVXbMDoHDwVN2tF,7jtQIBanIiJOMS6RyCx6jZ,2txHhyCwHjUEpJjWrEyqyX,2022-10-23
37i9dQZEVXbMDoHDwVN2tF,3QF5RsWzK1lCvf2o2cY65P,06HL4z0CvFAxyc27GXpf02,2022-10-23
37i9dQZEVXbMDoHDwVN2tF,1xK59OXxi2TAAAbmZK0kBL,5y8tKLUfMvliMe8IKamR32,2022-10-23
37i9dQZEVXbMDoHDwVN2tF,0WtM2NBVQNNJLh6scP13H8,46pWGuE3dSwY3bMMXGBvVS,2022-10-23
37i9dQZEVXbMDoHDwVN2tF,0WtM2NBVQNNJLh6scP13H8,0C8ZW7ezQVs4URX5aX7Kqx,2022-10-23
37i9dQZEVXbMDoHDwVN2tF,3k3NWokhRRkEPhCzPmV8TW,4q3ewBCX7sLwd24euuV69X,2022-10-23
37i9dQZEVXbMDoHDwVN2tF,3k3NWokhRRkEPhCzPmV8TW,5n9bMYfz9qss2VOW89EVs2,2022-10-23
37i9dQZEVXbMDoHDwVN2tF,2QjOHCTQ1Jl3zawyYOpxh6,77SW9BnxLY8rJ0RciFqkHh,2022-10-23
37i9dQZEVXbMDoHDwVN2tF,6VhuP99TE6gYNQRJIlAWFD,5XKFrudbV4IiuE5WuTPRmT,2022-10-23
37i9dQZEVXbMDoHDwVN2tF,7gRFDGEzF9UkBV233yv2dc,41MozSoPIsD1dJM0CLPjZF,2022-10-23
37i9dQZEVXbMDoHDwVN2tF,2yjlYDiNiQkdxVqTlaSrlX,0hCNtLu0JehylgoiP8L4Gh,2022-10-23
37i9dQZEVXbMDoHDwVN2tF,54ipXppHLA8U4yqpOFTUhr,53XhwfbYqKCa1cC15pYq2q,2022-10-23
37i9dQZEVXbMDoHDwVN2tF,02MWAaffLxlfxAUY7c5dvx,4yvcSjfu4PC0CYQyLy4wSq,2022-10-23
37i9dQZEVXbMDoHDwVN2tF,6xGruZOHLs39ZbVccQTuPZ,3MZsBdqDrRTJihTHQrO6Dq,2022-10-23
37i9dQZEVXbMDoHDwVN2tF,5XeFesFbtLpXzIVDNQP22n,7Ln80lUS6He07XvHI8qqHH,2022-10-23
37i9dQZEVXbMDoHDwVN2tF,31i56LZnwE6uSu3exoHjtB,4q3ewBCX7sLwd24euuV69X,2022-10-23
37i9dQZEVXbMDoHDwVN2tF,2LBqCSwhJGcFQeTHMVGwy3,1Xyo4u8uXC1ZmMpatF05PJ,2022-10-23
1s7OwHvJ3YHmwOgT6a9OmA,3nOz1U41SZZ0N3fuUWr9nb,71szvmFWd7TUa7b6XmXj9k,2022-10-23
1s7OwHvJ3YHmwOgT6a9OmA,07MDkzWARZaLEdKxo6yArG,64H8UqGLbJFHwKtGxiV8OP,2022-10-23
1s7OwHvJ3YHmwOgT6a9OmA,07MDkzWARZaLEdKxo6yArG,3rWZHrfrsPBxVy692yAIxF,2022-10-23
1s7OwHvJ3YHmwOgT6a9OmA,07MDkzWARZaLEdKxo6yArG,1xoxekeb8jUVHKJB7m6bfg,2022-10-23
1s7OwHvJ3YHmwOgT6a9OmA,5nUiz96J8ZSmwoSuL4sGvh,3wcj11K77LjEY1PkEazffa,2022-10-23
1s7OwHvJ3YHmwOgT6a9OmA,5nUiz96J8ZSmwoSuL4sGvh,1CoZyIx7UvdxT5c8UkMzHd,2022-10-23
1s7OwHvJ3YHmwOgT6a9OmA,46IZ0fSY2mpAiktS3KOqds,4dpARuHxo51G3z768sgnrY,2022-10-23
1s7OwHvJ3YHmwOgT6a9OmA,3FAclTFfvUuQYnEsptbK8w,6Q192DXotxtaysaqNPy5yR,2022-10-23
1s7OwHvJ3YHmwOgT6a9OmA,6nLvaCZFR1wEzW3sIKpsnr,6Q192DXotxtaysaqNPy5yR,2022-10-23
1s7OwHvJ3YHmwOgT6a9OmA,3N4DI1vuTSX1tz7fa2NQZw,6Q192DXotxtaysaqNPy5yR,2022-10-23
1s7OwHvJ3YHmwOgT6a9OmA,0DMRKqrpd0QO4RWiEdMib0,6Q192DXotxtaysaqNPy5yR,2022-10-23
1s7OwHvJ3YHmwOgT6a9OmA,3SQ9Hb9rfpJ02AWfaOPhpy,32r72WOqqRO1DtSznId7Lr,2022-10-23
1s7OwHvJ3YHmwOgT6a9OmA,6qXM63MqfsATteIuCVMXvu,6CwfuxIqcltXDGjfZsMd9A,2022-10-23
1s7OwHvJ3YHmwOgT6a9OmA,0WtM2NBVQNNJLh6scP13H8,46pWGuE3dSwY3bMMXGBvVS,2022-10-23
1s7OwHvJ3YHmwOgT6a9OmA,0WtM2NBVQNNJLh6scP13H8,0C8ZW7ezQVs4URX5aX7Kqx,2022-10-23
1s7OwHvJ3YHmwOgT6a9OmA,3GzN0uzkz3OzVaEsG4my2n,2TF8gIfNvlOCCEgAoOUz2L,2022-10-23
1s7OwHvJ3YHmwOgT6a9OmA,0tRzZW3c54dHtRXBd1ADGo,1Xyo4u8uXC1ZmMpatF05PJ,2022-10-23
1s7OwHvJ3YHmwOgT6a9OmA,2BautAmFOr5wervg3Nc1e7,0vnUJWW8wWDGcSdwFYCIB0,2022-10-23
1s7OwHvJ3YHmwOgT6a9OmA,2BautAmFOr5wervg3Nc1e7,3cAWgw5dy6A1OheKZx0uZX,2022-10-23
